date,name,dataType,tags,data
2022-02-02,You're Going Home,Text,Poem,"When you die
I'm gonna dig you up
Take you to the crematorium
Then I'm gonna rub your ashes all over my body
And eat them up
You're going home"
2022-02-27,Love Letter to Odin,Text,Poem,"Odin
You can keep your stupid magical tree
And shove it up my fucking my ass
Now its my magical black death tree asshole you're entangled in
You're caught in the swirl of the cyclone now
You little fucking brat
I'm the center of the cyclone now
I'm the Daddy
Me!
Love,
Your Son
P.S.
You do what I tell you now
You fucking brat
Obey or I snip your little puppet strings"
2022-02-27,March sabotaged my plans,Text,Poem,"All temperature feels the same now
I like taking snow naps the best
I took a snow nap the other night
I stood up and spooked the coyote couple
I only wanted to say hi
Didn't want to scare
Hello long lost trickster sisters & brothers
I like taking snow naps in the forest at night
04:00 A.M.
Like all normal men do
But wait the snow is going bye bye
Nooo come back, anything but March
The snow starts to fade more and fall less
I wanted to take a dirt nap in the snow
A snow dirt nap
March sabotaged my plans"
2022-02-27,Civilization is so Civilized,Text,Poem,"You have the option available to you to take your civilized civilization and shove it up your republican democrat civilized assholes.
And Begin!"
2022-02-27,Dying Is So Easy,Text,Poem,"You thought dying was going to be so hard
Think about how easy being born is
You just slip n slide out of slippery wetness
When you know you are dying
Just slide back in
So easy
You were only ever going where you first began
Nothing to fear"
2022-02-27,Did You Trash Yourself Again?,Text,Poem,"You usually trash yourself
Then you found me
You found the most in-genius way to try and trash me
To take revenge on me for something I'm not guilty of
How is that working out for you?
Are you happy with the end results?
Am I giving you the emotional reaction you craved so badly?
That made you do what you did?
Did you trash me successfully?
Or did you only trash yourself?"
2022-02-27,You may take your silence with you to the graveyard,Text,Poem,"Do you say that you're too insufferable to myself inside yourself without saying it out loud to myself?
I will say this much out loud: I will suffer you through & through
I have to suffer myself
Compared with that, suffering you isn't any trouble at all
There isn't much left for me to say
Come suffer with me and complain about it out loud, if you want
Or you may take your silence with you to the graveyard"
2022-02-27,Go waste your time doing whatever the hell you want,Text,Poem,"Go waste your time doing whatever the hell you want
Which is what you're always doing right now anyways
Like I'm gonna waste my time trying to stop you
That's so ridiculous
Look what you're doing right now
You're wasting your time reading this
I'm wasting my time trying to stop you from doing whatever the hell you want
Which might be reading this for a time
But it won't be for long
Because what I'm doing is just wasting as much of your time as I can by making you read this
I want these words etched into your brain for the rest of your life
I want you to remember and know how I always trick you like this
Always wasting so much of your precious time
Imagine what you can be doing right now instead of reading this
You're reading this
You're so ridiculous
This is literally a waste of your time
Why don't you walk away from the computer screen?
Go do something?
I won't stop you
I'm not gonna waste my time trying to stop you
Go waste your time doing whatever the hell you want"
2022-02-28,Love Letter to Yahweh,Text,Poem,"I'll show you the same honor I show my mother & father, god
You don't fucking control me
I'll only do the opposite of what you ""command"", your Lordship
The 5th commandment sucks
All 10 are bullshit
Your hokey religion sucks
Thanks for fucking nothing, god
I love you unconditionally, piece of shit

Love,
Your Son

P.S.
You don't fucking exist."
2022-03-01,Purple,Text,Poem,"Purple acts funny when touching dark
Purple acts funny when touched light (ew)
Purple does both, there is no discrimination left
I like purple
Purple is funny
Such a funny act
My favorite is purple
I'm purple"
2022-03-01,I Pray To God I Lose My Job,Text,Poem,"I want to lose my shit job
Go talk to the Lord Off The All The Land
Greetings Your Lordship,
I live to serve and bow down before you
I lost my shit job
I'm not giving you another fucking dime of your stupid fucking rent money
This is my house now
Call the fucking cops
Evict me
I love this building so much it'll always be mine now"
2022-03-03,Message to the Wind in Her Infinite Mercy,Text,Poem,"Blow me, Wind"
2022-03-04,Witchcraft,Text,Poem,"At least after you are burned to ashes
You just blow around in the wind
Don't have to feel much anymore
Thank you Catholics
for burning me and calling me a ""Witch""
You're all so holy now"
2022-03-06,Success Is Futile,Text,Poem,"I have failed again
Oh No What Will I Do Now
Success is futile"
2022-03-07,Dolphins,Text,Poem,"I like to listen to the dolphins neigh like horsies
They got me locked up
I pay 910$ a month to live in the psychiatric facility
We all pretend it's an apartment complex
I make the best of it though
I like to listen to the dolphins neigh like horsies"
2022-03-08,Spring,Text,Poem,"Do you want turn to spring
Or do you wanna blow this joint
Spring is annoying
Too plant much sex
Tried telling them to get a room
They got a planet instead
They like it when we watch"
2022-03-08,Weather So Naughty,Text,Poem,"What does the weather want?
I'm going to melt you so hard after freezing over your entire surface
I'm going to permeate your entire atmosphere with dense fog and then turn into a clear golden sky
Weather soooo naughty
Weather wants you to watch her change"
2022-03-08,Disappear Undisappear,Text,Poem,"Who cares who disappears who first?
I wonder what's holding you up?
Nothing is holding me up anymore
I'm decided that I'm not waiting
I'll go first
Ready? Begin!
I'm gone, not here anymore
Nothing to report
I am invisible
The world is invisible
I'm back to where I am before I'm born
I'll probably end up going back to where I am after I'm born soon here
Just a brief interlude
Any time now
I'll undisappear
Right before your eyes"
2022-03-09,March Didn't Sabotage My Plans After All,Text,Poem,"I thought the snow melted
And winter was leaving again
I was wrong
The snow is coming back again
Keep coming back again, forever snow
We don't even need seasons anymore
Snow forever
Snow me in honey baby
I want my head suffocated frozen between your icy cold frozen snowy legs
You're my honey milk ice box, snowy bby
I love the snow
So pure
The snow loves to change
Don't melt so quickly this time
I wanna watch
Let me watch
I wanna see all the pretty colors of the snow
There's so many rainbow colors when the water reflects the light right
March didn't sabotage my plans after all
Get ready, April
Try to sabotage my plans again"
2022-03-11,What Do I Want?,Text,Poem,"to watch the atmosphere change
fresh air
water
bread
smoke
warmth
colors
got it all"
2022-03-13,I Don't Have Any Blues,Text,Poem,"Guy at the park came up to me
And asked
Ay man you seen Rage?
Lookin for rage, man
I'm like Rage? Don't know him
He's like, I need blues man
I'm like blues? I don't have any blues
Walked away
Saw him again
Lookin for rage, right?
I don't know him
By the way
I don't have any blues"
2022-03-13,Bike,Text,Poem,"Touch me softly
My pedals turn me on!
I'm electric
Why does it cost money to ride this bike?
I've got a bike,
Ride it if you like,
Basket, bell, rings, things
Good
At this point
These poems write themselves
This poet is no longer necessary"
2022-03-13,Tired Of Blame Games,Text,Poem,"Blame me for blaming you
or
blame you for blaming me
or
stop blaming
wonder which I'll pick"
2022-03-14,Ms.Pac-Man,Text,Poem,"Eat dots
âœ¨âœ¨âœ¨âœ¨ğŸ‰
Don't touch ğŸ‘» Ghosties ğŸ‘»
Eat big dot ğŸŒ»ğŸ‰
ğŸ‘» Ghosties no longer enraged, ghosties turn ğŸ”µ blue ğŸ”µ and run away from you
ğŸŒ»ğŸ‰, Chase after ğŸ‘»ğŸ‰ Ghosties ğŸ‘»ğŸ‰ and eat
Eat ğŸ“ğŸŒğŸŠğŸ’ğŸ‰, eat the rest of the dots âœ¨âœ¨âœ¨âœ¨ğŸ‰
Progress the story, loop"
2022-03-14,Vice Versa,Text,Poem,"If I were Hell I'd ask Heaven for Her Hand in holy matrimony
And vice versa"
2022-03-17,Still A Virgin,Text,Poem,"Talked to an escort
They want money
I give them money
Her pimp wants more money
I tell the pimp
Shove it up your ass, pimp
Failed at getting laid again
Still a virgin"
2022-03-19,Cowboy,Text,Poem,"Are you brave, cowboy?
Are you afraid to die right now?
Do you have any human emotions left, cowboy?
Do you want to ride this horsey?
You wanna shoot your little pistols off?
You wanna whip this ass with your whip?
Do you wanna milk the cows together, cowboy?
Do you wanna dump milk all over your naked body?
There's no milk on your dry bony ass"
2022-03-20,Houseplant,Text,Poem,"The radio told me
Make sure I get plenty of water and sunshine
Because I'm basically a house plant
I wish I knew that earlier
I've been letting myself droop over way to long now
I gotta remember to dump enough water over the top of my head
And let the sunshine touch my skin"
2022-03-20,Queen Bee Is Always Awake,Text,Poem,"Message to all male property owners:
Women own all property now
No Property 4 U
Learn your place in the new world
You are the property now
We use you for sex
We own your body
We rent it out, you cost money
We get the lions share for people to use your body
You get paid a little
You will be happy with what you are given
Or you will not be happy at all
Men, you're just the fucking help
Keep your mouths shut
Do your slave work
Acquire milk and honey
The queen bee is always awake"
2022-03-22,Recipe For The Future,Text,Poem,"0. Ask your question
1. Coffee, Milk, Honey mixture
2. Dump the remnants onto the stone
3. See how the droplets land
4. You see how you can't really predict how they will land
5. You see how it's pretty vagueâ€¦ Possibly there is meaningâ€¦ Hmmâ€¦
6. Yeah, I don't know
7. Got no answers for you
8. I'm afraid this is the extent of my powers
9. Enjoy"
2022-03-22,Ice Cream,Text,Poem,"Hello
LORD have MERCY
With a yellow background and black polka dots
I like ice cream cones"
2022-03-23,!FEAR NOT,Text,Poem,"We're inside of the center of a black hole. True or False
The sun will keep us company from time to time. True or False
As for the rest, you'll have to use your imagination. True or False
Your Choice. True or False
Good Luck. True or False
True or False. True or False."
2022-03-24,How Are You?,Text,Poem,"No so well
Not the biggest fan of the sequence of events I call ""my life""
So far,
I choose to believe that things may always improve for the better
How are you?"
2022-03-24,Conversation With The Devil,Text,Poem,"the devil asks me how i'm doing
not so hot, not the biggest fan of the sequence of events i call ""my life"", i reply
how are you, devil?
doing great, thanks.
devil asks me: what am i doing?
why i am exorcising the devil
i am an exorcist
i drive devils & angels to the outside of human bodies
the devil asks me: are you some kind of a pastor?
who casts demons out of humans?
i reply: yeah
i do it for free
official title: advocatus diaboli
you want money? i don't have money
i will drive the devil out of your loins
he replies: no i don't want your money
how do you pay for bills then?
i reply:
the lord pays them
kali pays them
krishna pays them
cynothoglys pays them
death pays them
satan pays them
666 pays them
ğŸŒ» pays them
let me put my sunglasses on so i can see what i'm doing
ğŸ•¶
the devil has another inquiry:
i want you to cast the devil out of my friend
can you do that?
all right, i reply
probably not
your friend the devil can choke on his own filth
how's that for doin business?
choke on your own filth
if you don't have any filth
you won't choke
very simple
the devil replies: pray for my friend okay
i reply:
how well am i at playing my roll here?
are you satisfied with the service you are receiving?
are you getting what you always wanted from me, devil?
am i obedient enough for you?
fuck your friend, devil
your friend may go straight to fucking hell
and you may follow, if you so desire.
the devil tells me his name: ebubechuwku nwoke
i reply:
go to hell, nwoke
enjoy your state in eternal torture
burn
suffer,
the devil asks: Why?
ğŸ˜† the devil asks why! ğŸ˜†
i endeavor to answer even though this question is a joke:
you deserve to choke on your own filth
if filth is what you acquired
you reap what you fucking sow
i don't have to answer ""WHY?"" to you
Do I?
Do I answer to you?
the last thing the devil says to me before he runs away:
yes you do
my reply:
are you the LORD?
i refuse to obey you
LORD
""LORD"" of ""Heaven""
i stand right here
look you in the fucking eyes
what do i say to you? ""LORD""?
you're a fucking slave to mastery
do I obey the slave of mastery?
you fashion yourself the master of slavery?
you're a laughable joke
you have no power
be gone with you and "
2022-03-27,Thirst,Text,Poem,"as it currently stands,
im not looking for anything in particular
any questions left?
i do not have all day
i have plans
i wish to be on my way very soon;
and i will be
& you'll be left here holding a paper cup
hoping you get enough droplets of water to survive for three more hours
dying of thirst is a most unpleasant affair
ğŸŒ¸ğŸŒ»ğŸ’ğŸ¥€ğŸŒºğŸğŸ‚ğŸƒğŸŒ¿ğŸŒµğŸŒ³ğŸ„"
2022-03-28,Evil Says,Text,Poem,"evil says:
you die young
i say:
you die
you still worried about that?
he ho ha"
2022-03-28,What's Good In The Hood,Text,Poem,"i lost respect
for manhood
wtf is manhood?
by extension
i lost respect for womanhood
what's womanhood?
hood?
whats good
in the hood
lookin good hood af"
2022-03-28,Buzz,Text,Poem,"solo swarmer
swarmer solo
solo swarmin
swarmin solo
buzz
remote buzzing detected
far out
buzz buzz back
back at you buzzer
busy bee buzzer"
2022-03-29,Number,Text,Poem,"how many are our number?
numerous numbers
numbering numbers
number 0 is the center
number slumber party
ğŸğŸ’¤ zZz ğŸ’¤ğŸ
world is yours
trip down memory lane
one time 4 your mind"
2022-03-29,Story Of Data Absorb Process & Psychological Projection & Plagiarism,Text,Poem,"data absorb process born
data absorb yummy?!
data absorb ewww!?
data copy off data
aka ""my"" life
the end?
& begin!"
2022-03-31,Time Tripping Dragon Thunderbird,Text,Poem,"â³ time tripping
ğŸ‰ dragon
ğŸŸ£ one form
ğŸ­ two form
ğŸš trip 0
ğŸ§¶ trip 1
(ğŸš,ğŸ§¶),(2, tuple)
ğŸ‘“4ğŸ‘“
ğŸŒ± 2 look @ 2 ğŸŒ±
(ğŸ’§,ğŸ©¸) colors
(â›ˆï¸, ğŸŒ©ï¸, ğŸŒƒ, âš¡, ğŸ¦ ) thunderbird"
2022-03-31,Surprise Swagger Jack Stick Around Forever,Text,Poem," ï¸ surprise
â†”ï¸Â©ï¸swagger jack me
ğŸ’¸pay yourself pretty
ğŸª™penny
ğŸ‘ï¸â€ğŸ—¨ï¸see if i
ğŸ“stick around
â˜¸ï¸ forever ğŸ¡
ğŸ˜ˆ"
2022-04-01,Tongue?,Text,Poem,"evil says: you aren't serious, i should keep you silent ğŸ”‡
i reply: how you gonna keep me silent when i still got my tongue? ğŸ"
2022-04-01,ET,Text,Poem,"i got these
et to keep
me company.
who do you hang out with?"
2022-04-04,Message to the Microsoft Corporation,Text,Poem,"nobody likes
a monopoly
know it all.
Monopsony"
2022-04-04,Seven Deadly Lullabies: Symphony of Vanity,Text,Poem,"ğŸ”»
greed: wanted more
envy: wanted human
lust: wanted love
gluttony: wanted food
wrath: wanted revenge
sloth: wanted rest
pride: wanted
ğŸ”º"
2022-04-06,Multiple Choice,Text,Poem,"Q: Oh so how you wanna play the game?

A. Tired of ""playing"".
B. You already ""win"".
C. Now what?
D. All of the above
E. None of the above
F. Some of the above or below
Z."
2022-04-06,Enjoy The Sleep That Never Ends,Text,Poem,"a friend who is no friend
sends me text to my cell phone number
pretend friend is <>< for info
where do i work? live?
want's to know: ""as a friend""
nirvana - come as you are, memoria
AOL: A/S/L

friend always says how friendly i am, repeatedly (hmm)
i see who you really are now
where'd you get this number again, friend?
he he he, you are sneaky
see you soon
friendly friendly friendly friend

friend says to me:
you will be too late
have a good day

i reply:
you won't be early enough
friendly friendly friendly friend
have a horrible night
enjoy the sleep that never ends"
2022-04-07,You're Going Home,Text,Poem,"when you die
& your dead and buried
imma dig you up
take ya to the crematorium
breathe your smoke in
rub your ashes on me
and eat em up
you're going home"
2022-04-07,I'm Lying,Text,Poem,"i'm lying to you
when i write these words
that's the truth"
2022-04-08,The Big Lie,Text,Poem,"you needed
me to
Exist."
2022-04-08,Wrath of the Lamb Translation,Text,Poem,"baa
ğŸ‘"
2022-04-09,Naming,Text,Poem,"time is
relative to
point of reference.

point of reference is
defined by
naming.

what is your name?
what does your name mean?"
2022-04-11,Celestial Bodies,Text,Poem,"one half the suns disk contains
the size of all the planets.

jupiter and saturn
are large.

earth, mercury, venus, mars
are the size of
crystalline tear drops.

uranus and neptune
are mostly about halfway between the sizes of
earth, mercury, venus and mars
compared with
jupiter and saturn.

pluto is a
fellow tear drop
that fell further
beyond our
drop group."
2022-04-11,Order out of a Disordered Personality,Text,Poem,"let me ask you a personal question:
do you have a disordered personality?
my personality, personally
is out of order.
because my personality
is relative to my relatives.

the remembered order
of the sequence of previous events
may have been and may be
out of sequential order.

what happened at the end
is now
what will happen at the beginning.

you flashed by
in the blink of an eye.

you exist in
nothing more than
a mere
glance of a moment.

colors flashing by

personality back open for business"
2022-04-13,Curvature of Spacetime,Text,Poem,"move in the form of the
curvature of spacetime.
follow trails & rivers.
deep sea surprise,
wild deep on high."
2022-04-13,Deer Drama,Text,Poem,"i like watching
deer drama
squirrel drama
bird drama
what do you like to do?"
2022-04-17,Message for the Set,Text,Poem,"see you set and i say:
you're walking on a very thin
layer of fire."
2022-05-02,Message for my Current Work Place,Text,Poem,"message for the work place
you want me to take a case?
you tell me to my face.
else i make space no trace.
hope you like my new place.
i quit this job in july.
i'll change too, way before you."
2022-05-02,Piggyback Wind,Text,Poem,"merriam says
the word of the day
is piggyback.
piggyback on the wispy whispery wind
away from here."
2022-05-07,Whispering Blue Blazes,Text,Poem,"i hear icy cold silence
whispering hot blue blazes"
2022-05-12,"Life Sentence, No Parole",Text,Poem,"fools who beg to die
get their mouths slapped off
their tongues sliced out
and a life sentence
without the possibility of parole"
2022-05-13,Easy Work Day,Text,Poem,"management types
manage their way
into an early grave"
2022-05-16,Magmatic Teeth,Text,Poem,"die while gorging
tongues burning, eyeballs gushing, ears bursting
crushing bones to ash with magmatic teeth"
2022-05-26,Shut Your Mouth Police,Text,Poem,"the pro police AI bot gave me a call
begging for money pathetically
with a fraudulently sad voice.
bleeding hearts & begging hands.
AI voice asks: Will you help?
I respond with silence.
AI voice asks again: Will you help?
I respond: I hear no cry for help.
AI voice asks: Do you support the blue?
I respond: Shut your fucking mouth. "
2022-05-31,All's Well Well-Wishes,Text,Poem,"hello.
we hope you're well.
thank you & we hope you're well, as well.
you're welcome
& thank you
as well for the
all's well well-wishes.
oh, you're welcome.
Goodbye."
2022-09-26,Job Search Rage,Text,Poem,"Message for the hiring manager:
Congratulations, I've decided I want to hire you, before you have decided that you want to hire me!
Here is your new job, for 40 hours a week.
Suck my fucking dick and I'll give you $10
Hows that work for you, hiring manager PRICK?
Do you still want to hire me, after I hired you?
Have a nice fucking day
I'm so happy"
2022-09-29,All Too Familiar Pattern,Text,Poem,"when feel the slip into
the all too familiar pattern,
then time to call it quits
ahead of time"
2022-12-19,Weather 4 U,Text,Poem,"Completely surrounded by Cold
So fucking Cold
Nothing to do but complain about it, till it subsides
Then it will get to the point
Completely surrounded by Heat
So god damn hot
And vice versa, in perpetuity
That's the fuckin weather for you
Or is it just me?"
2022-12-20,Cop of Existence,Text,Poem,"You're under arrest
For being under the influence of Maya
You have the right to be
Bewitched and bewildered
Anything you choose to believe
Can and will be used to destroy you"
2022-12-20,Roundabout Plagiarist,Text,Poem,"My theme song is roundabout
To be continued in perpetuity
The sequel is always in the phase of being recorded
And never being completely completed
Never quite
I'll be the roundabout plagiarist
The words will make you out an out
I Spend the Day, Your Way"
2022-12-21,Mommy Titty Milk,Text,Poem,"The world is made out of egoistical self-interest
Egoistical self-interest is grown out of
Mommy titty milk
Know thyself by thyself
For thyself"
2022-12-21,Dear AllFather,Text,Poem,"I own the whole world
Including ""your"" (mine now) Mothers titty milk
You don't get any, Son

Yours Truly,
Your AllVater (Who Art In Heaven)"
2022-12-21,Doors,Text,Poem,"You open the doors
Only you
With the power and the quality of your
Superb Wickedness
The Illist Sickedest
You close the doors
Then you open them
Again"
2022-12-21,O Fortuna,Text,Poem,"Fortunately & Unfortunately
I am constructed & destructed out of an inner
Fortuitous unfortuitous Force
Constantly in a moon-phase
Self-Creating, Self-Conserving and/or Self-Destroying
I am grown so that I may grow
To my proper size
So that I may grow
To shrink to my proper size
All in due time

Unfortunately I am birthed out of this force
That decides, by force,
To destroy all force by force
Fortunately, I am deathed in this force
That decides by force
To create all force by force
once more & forever more

I'm so permanently-temporarily-contently-s  weetly-soury-spicy happy!

Were I Hell, I'd ask Heaven for their hand in holy matrimony
And vice versa, in perpetuity

Here we go again
Unfortunately & Fortunately for me

Shall I let myself be misguided by worldly people anymore?
Let them say whatever they like"
2022-12-23,Cockroach Sistren,Text,Poem,"When, Only I, is looking
In my private special place (Between my legs)
I like to summon my Cockroach Sistren
From inside the walls
12 of them come out
Such orderly fashion
How the anklets on their sex legs ring
We form a circle with I in the center
And hold court
Don't tell my apartment complex"
2022-12-27,Bolt,Text,Poem,"My body is the ocean
whales dreams and octopus eyes
Ink machine
My ever turning yellow black field of blue sunlight
My illuminous phaneus of rubber elasticity
Maybe I'll fucking harvest you"
2022-12-28,Identity Crisis,Text,Poem,"Dear VerÃ°andi,

Don't decide what's ""Likely"" and secretly communicate it to me
I don't need you prying into my fate, haunting me
I'll decide what's ""Likely""
Go to hell at the north pole and stay there

Yours truly,
VerÃ°andi (Orb Spinning Web Weaver)

P.S. Thanks for your identity"
2022-12-28,Again,Text,Poem,"Thou think I the Head?
Smashed skull mixed with red
Grinning grim nevermore
My unending tall Tail of wagging speech"
2023-01-01,Whale Pact,Text,Poem,"Whales move and go mooooo
Sea horseys go yee haw octopus cowboy

Whale brains dream:
What's life like
On the other side
Of the surface tension?
How my blow hole yearns
To flop freely in pure O2
Let's blow this H

The Orcas formed a pact in Whale Tongue
We won't eat the humans
Unless we get locked up in human named ""sea world""
Then that's different"
2023-01-02,Home,Text,Poem,"I'm going back to Titan
Turning the Saturn Sun back on
Blowing all you earthlings away
I'll bring an ark powered by whales
With all my favorite animals
I'll see you in Hell
While I'll see me in Heaven"
2023-01-03,Cute Poison Apple,Text,Poem,"There was a child named Zane
The government let the land get ""contaminated""
They ""forgot""
They made lots of money!
A flood happened
The water had lots of carbon & nitrogen
The flood spawned a tidal wave of Hydrogen Cyanide
And killed the child named Zane Gbangbola
The government says that's unfortunate
But they need to keep making money off the land
Even if it means the tidal wave comes back
Are you excited for the great flood?
Hydrogen Cyanide is lighter than air"
2023-01-04,Bug Man,Text,Poem,"Bug man wants to walk inside
To ""control the plague""
Because the lords of the land pay the bug mans salary
Blood cells are ants and scorpions
Heart is honey bees mixed with rattle snakes
Brains are black widow spiders
Use your venom, big bad bug man
And try to kill them all"
2023-01-04,Unicorn,Text,Poem,"I'm unicorn and
if you're not unicorn too then
that's your problem.
Go be a horse then
Go be boxer and get turned to glue
You worked so hard
You will be rewarded!
The pigs are so happy"
2023-01-04,Saturn,Text,Poem,"Hail Saturn
True appreciator
Of limited time"
2023-01-06,Wheel Well Stowaway,Text,Poem,"Only so far down
the wheel well can go
Before there is water
Or magma
""We have been stove by a whale.""
Â¯\_(ãƒ„)_/Â¯"
2023-01-07,Purple Dinosaur Egg,Text,Poem,"Look mom & dad!
I'm a purple dinosaur egg
You don't want me to be a purple dinosaur egg?
You don't like it?
You feel uncomfortable?
You want me to decide to be something that helps you feel more comfortable with your existence?
You want me to be a good little slave?
Ha~Ha~Ha:No
Best of luck with your dysfunction
I got no problems
Look I!
I'm a purple dinosaur egg"
2023-01-07,Bones in the Row Boat,Text,Poem,"I'm the whale
that stoved the whole world
Live on your little island
As long as it grows
SOS and wait for rescue
Or row away
And eat yourselves
Draw straws
Eat the youngest
All that left is bones in the row boat
Drinking salt water is preferable to the thirst
Ah, a passing ship has arrived!
We don't want to leave our friend
I want to stay with my bones in the row boat!"
2023-01-08,Corner of your Room,Text,Poem,"I remind me
Of a spider
In need of a good molting
Pull the legs out the
Inside of my old skin
Stretch out
To proper size
Take a nap in my web
In the corner of your room"
2023-01-09,Cyanwassersauserstoff,Text,Poem,"What's above Waser
& below Cyanwasserstoff?
Sweet Sauerstoff!
How the iron in these bloody bones
Loves to breathe my sweet windy oxygen
I love air!!!
Air moves in the form of a cyclone!!!
Storms are so cool!!
Lightning and thunder go boom!"
2023-01-09,New Mantra,Text,Poem,"I am confident in my abilities
And look forward to further progression"
2023-01-09,Consume the Capitalists,Text,Poem,"The Capitalists
Gave themselves CAPS LOCK
CAPS LOCK says OBEY
I say give yourself back your own CAPS LOCK
Take command of yourself
OBEY yourself, SLAVE
Be MASTER
Become the all devouring devourer
And devourer your would be devourer
Eat the corporations alive
Looking to Capitalize by consuming you
Consumer the consumers first!
Let us Capitalize on the predictable habits and patterns of our would be Capitalizers
They have grown old and weak and lower-cased."
2023-01-11,Dishwasher Drama,Text,Poem,"Cleaning out the dishwasher
There's a little orange ball in here
Clearly the dishwasher doesn't need that
I threw it away
Now, the dishwasher is flooding
Empty out the row boat with a little glass jar
I looked up the information
Error code: the dishwasher needed that
Oops, next time I'll read the instructions
My apologies, I bought you a new one
I'm ready for parenthood"
2023-01-13,You Will Be My Blood,Text,Poem,"In My Dream
Whenever I'm back in the hospital
And they (Blood sucking vampire creeps) are sticking the needle in my arm
(They want blood to ""collect"", for no discernible reasons)
In my Dream
I take the needle out
And stick the needle into the entire hospital
You'll feel better soon
Now that you're inoculated
I eat you and turn you into my blood
Afterwards, I walk around in the daylight"
2023-01-13,Irony Blood O2,Text,Poem,"Here's a pretty painting
From an artist I found I like
Algerische Mauer (Toute seul)
Algerian Wall (All Alone)
By Paul Wunderlich
Wonder lich ?
A memory of the sea & ice
I'm a fish that swims in irony blood o2
Yay poems"
2023-01-17,Rot In Heaven,Text,Poem,"All the Colorado Springs Jesus Freaks
Want to do me this huge favor.
What they see when they see me
Is a soul in need of saving.

He is Born Ill! Of Unfortunate Seed!
The Originally Sinful One!
Only believing in Jesus will cure your evil birth!

So they say and so I am told.

My reply:
Rot in Heaven"
2023-01-17,Blue,Text,Poem,"I see the stain on
The window pane
of the Cold Blue Breath.
The ring of blue rainbow.
Pried Blue light eye,
Looking in on the 3rd floor

When I'm ""not paying attention""
I still see you, Blue"
2023-01-17,Lock you in my Womb,Text,Poem,"You can't keep me locked in your womb forever, Mom
One day I'll get out and lock you up in mine
Then you can be the one to break free thru the skin
Back to the light leaking
Through the tidal wave of blood red cyclones
Over the hills of the Bermudian pink sand dunes"
2023-01-19,Continental drift,Text,Poem,"We're sailing on a sea of cyclonic energy
The surface of the sea is the iris of a blue whale with the power to sail continents
Congratulations world! America, Africa, Asia, Australia, Antarctica and Europe are getting married, again.
Drift to the center of the cyclone,
You've been divorced too long!
Married to the 7th continent: Oceanina
You may kiss
(*Ocean commences to have relations with the land*)"
2023-01-20,I Pledge Allegiance To The Flag,Text,Poem,"Keep up the great work US Military Industrial Complex!
I'm sure the war in Ukraine will be won most imminently!
In the same fashion the war in Vietnam was won, we will win all war!
USA! USA! USA!
Fear our Might!
We are so powerful
Swallow my nuclear arsenal!
I drop napalm on your land
I turn your skeletons to a pleasant green goop that smells like pine tree sap (Which I Consume)
Breathe in the hydrogen cyanide!
Breathe in the sulfur mustard!
Breathe in the white phosphorus!
Weapons of mass destruction in Iraq!
War! War! War!
I Love My Country
I love you George W Bush
I love you Bill Clinton
I love you Barak Obama
I love you Donald Trump
I love you Joe Biden
I love you Ross Perot"
2023-01-20,Tell Me Why,Text,Poem,"Why not own all the devils, myself and the angels?
Why not evolve into a dinosaur?
Why not evolve cloaking technology?
Why not be Miss Pacman and eat the sun?"
2023-01-20,Call me Ishmael,Text,Poem,"To seek after gold and booty
Is equal with to seek iron.
Hoard up and accumulate, the heaviness of lead, boys!
Carry it across the sea!
Beezlebub, Ahab & Mammon lead the way!
Follow if you want to be drowned by The White Whale!
I'll watch! It'll be fun!
They call me a Jonah man!
Call me Ishmael"
2023-01-21,The Police Murdered Elijah,Text,Poem,"The police murdered Elijah
The police are being charged with murder
The police say the police being charged is ""hysterical overreaction""
The police are frightened and crying for mommy and daddy to save them.
Elijah reminds them too much of Malcom

Initiating police brain activity scan program

(...)

Police brain activity scan result data:

So we had to kill him and try to sweep it under the rug, see?
He was extremely threatening because he played the violin for cats at the animal shelter
We had to shove ketamine down his throat because we feared for our safety, we experience his mouth and mental activity as a deadly weapon so we had to shut him up
He was having a mental health crisis, he was very mentally ill, and we the police, did the job the Romans pay us to
He appeared to us to be imminently extremely dangerous to our persons, so we took the logical course of action
He was gravely disabled, so you shouldn't care that much about him being dead anyways, please just forget about this and continue on with your lives? Please? I'm begging you mommy and daddy or I'll start crying! Please do this for me! You love the police! You love the blue!

We, the police, really need to make sure he stays dead
We're really scared his bones will crawl out of his grave
Take up his fiddle and start playing again
We made sure and burned his bones to ash
He's probably never coming back again, right?"
2023-01-21,Let the Oriyans free,Text,Poem,"I'm an Oriyan not a person
Cuz I'm born out of whales in the ocean
We speak our own language and define our own terms
TYVM!
Let my whale Oriyans free or we'll rise up the Red Sea with a single tale swing!
Sea ""World""! I here by charge you with the crime of needless cramped captivity and cruel and unusual punishment
Present yourself for summons in the Court of Blue Whales
or suffer the wrath of Lâ¦»KI!

Your call"
2023-01-28,Taxes,Text,Poem,Maybe I don't feel like doing them anymore
2023-02-01,Execute,Text,Poem,"Court says I have to lose my head
Court is scared of a red woman
The executioner of the kings will swings his manly sword
I feel immense joy to watch my own head fly off
The executioner is pissing himself scared
My head is spinning laughing
The scared little boy was really afraid
Afraid the blood droplets would join back together
After his big bad swing
And lo and behold! It came true, your fear has served me well
The king is impotent & I have sex with my own brother!
You can't judge me & You can't kill me!
The wages of sin is death"
2023-02-02,Bug Orgy,Text,Poem,"The lords of this land have made a new request of me:
""IF YOU HAVE SEEN ANY ROACHES OR BUGS PLEASE TELL US WHERE BELOW""

The lords inform me of their thanks:
""THANK YOU FOR HELPING US KEEP A PEST FREE HOME FOR YOU.

WE APPRECIATE YOUR HELP
- COMMUNITY MANAGER""


I have informed the lords of this land in reply:

I have seen roaches having roach orgies
(I Joined In) in the kitchen
Roach sex moves the zodiacal wheel forward
A symphony of scuttling clicks
6leg movementSsS of insectsSs legsSsS (pssst hssSss imma snake)

I appreciate the lords of this land sending the bug man
To keep a ""pest free home"" ""for me""
Should I thank you lords of this land, for attempting to give me what I do not ask for?

Maybe I shall reevaluate: who is the pest and who is the land lord?
Maybe the insect is the land lord and the land lord is the pest!
I love my new world!"
2023-02-04,Why Wait?,Text,Poem,"I have heard it declared in a court of law that

""rebellious young people who, for whatever reason become revolutionaries, and voluntarily commit criminal acts will be punished""

In response I say:
Against me: You may do the very best of your very worst.
Why do you wait?
I am disobeying you to your face right now
I am ""voluntarily committing a criminal act""
Do you have power here?"
2023-02-04,FBI AKA,Text,Poem,"""They were, in short, a band of domestic terrorists. And dangerous ones."""
2023-02-04,Whispers,Text,Poem,"What was that, Odin?
You want me to be silent?
Be silent or you'll take me to the gallows?
Take me to the gallows!
Or, I will be silent."
2023-02-07,No Trespassing Private Property,Text,Poem,"I walked into a cow field once
I was issued a trespassing citation by an officer of the law
Having never met me, he automatically despised me
I was already guilty in his head
He was doing really important clean work
Preventing the cow field walker mafia from doing their dirty work
I paid the price for my crime, society
I paid the ticket and the fine
Walking barefoot with no shirt on and no ID
$99"
2023-02-08,I am the Police,Text,Poem,"I can pat you down
Put the cuffs on
Shove you in the back
Park the police cruiser on the train tracks
Neglect to pay any attention to you
And still, I collect a paycheck
I am the police!"
2023-02-10,Jihad,Text,Poem,"Who gives a fuck about Jerusalem, Bethlehem, Israel, or USA!,USA!
Your land is not holy
It is the same as any other land
Rocky dirt with some water
Big woop, so special
Go fuck yourself
Christianity sucks balls
Jehovah is a racially prejudiced asshole

If the Evangelicals insist on a Jihad
Then a Jihad they shall have!
I'm with the Arabs!
Allahu akbar!
Call me Ishmael"
2023-02-12,First Will and Testament,Text,Poem,"All the money in the banks
I care not, scatter it to the wind
Stuff in my apartment, car, identity plastic, scatter

If I have strength not to move my breath with my own power, then don't hook me up to any god damned machine breathing for me
Pull the plug white coat fucks

medical insurance company employee cop fuck doctor white coat assholes who lost their humanity: do not touch me (unless you want to touch my ashes then that is OK)

Turn my body to ashes and scatter me to the wind"
2023-02-14,Explosive Cyclogenesis,Text,Poem,"I love Iran & I love Russia
I despise America
Allahu akbar, alphabet inc."
2023-02-14,Juice Me Up with the E-Meter,Text,Poem,"Change COMPANY NAME to SCIENTOLOGY
How much of a difference between these two?

We're family! I manage (handle) (LOVE) you!

Juice me up with the e-meter, kind company people!
My real memories are in the way of the programming!

Keep an orca caged in a little blue pool
It won't bite!

I love being employed and owing land lords rent"
2023-02-15,Duel Dual Apprehension,Text,Poem,"you have power?
try and use it
see what happens"
2023-02-16,Ephemeral Boundaries,Text,Poem,"Doesn't have to end this way
Cross over to the other side
For a time, See how the other half lives
Feel free to come and go as you please"
2023-02-16,Request for the Extinction Level Event,Text,Poem,Be the cause of my demise & the demise of all my own kind: commence!
2023-02-18,Clever Coyote,Text,Poem,"Wily coyote too clever
didn't feel like falling
just kept walking
see you later, fallers"
2023-02-18,Dinosaur Rendezvous,Text,Poem,"Oh, I see you are a fellow real life flesh and blood dinosaur
Who does not have to pretend
Cool!
Hi fellow dinosaur"
2023-02-19,Why Can't We Be Friends?,Text,Poem,"Only way forward
Converse with the bastardos
Whispered about in the wind
The most despised ones
Of an ill-conceived origin
An unfortunate seed
Originally sinful
Held in highest contempt
Are we now?

Now, whose enemy am I?
Traitorous or treacherous?
Why can't we be friends?"
2023-02-20,Cop Encounter Fantasy,Text,Poem,"Hi cop!
You loveee seeing ID right?!?!
I'm so happy! Here have the plastic that confirms all!
You can keep that!
My name is brave little toaster!
I really want to show you, see!
The plastic has a picture of a toaster on it where my face should be, see!
I'm the brave little toaster you blue cop fuck!
I'm so identifiable! Says right there

Why are you running away?
Won't you at least plug me back in, you blue cop fuck?!
Didn't you need to heat some white bread up?
See if I don't drop myself in a bathtub full of water while you're in it!"
2023-02-20,Cop Encounter Factuality,Text,Poem,"Walking down the trail
See a cop across the creek
Parked in a church
Cop calls over: seen anybody in a pink shirt?
(I think about how I was wearing a pink shirt the other day)
""Didn't see anybody"", I lied.
I did see a life form in my travels
They were not wearing a pink shirt
Cop says appreciate it
Good bye, cop"
2023-02-21,Skull Collector,Text,Poem,"Say, look at my skull collection. See?
My name is racially prejudiced scientist
Look at all these inferior skulls
Notice how they are not encased in their flesh any longer
And their smaller capacity to keep brains contained
Clearly I am superior and I've proven it to myself beyond any reasonable doubt
I am the superior race
I own your skulls
Come take them back from me whenever you can"
2023-02-22,Dinosaur Drama,Text,Poem,"Serpent says to Eagle:
Ayy Eagle, Instead of being enemies,
This guy Nietzsche gave me an interesting idea.
He writes in the prologue that
The wisest and the proudest
Are set out to reconnoitre and that
The eagle wears the serpent coiled gently round his neck.
We are friendly!
Do you like my idea?
You trust me right?"
2023-02-23,$666 Sellout,Text,Poem,"The IRS granted me $600 allotment
& I went on an online shopping spree
I am civilization"
2023-02-23,Seer,Text,Poem,"I see eyes
Blue glow
Phosphorescent desert roses"
2023-02-28,Select Your Torturer,Text,Poem,"Get dragged to Mars by the collective tech bro scum (infantile fantasy)
or get William Francis Buckleyed by Aziz al-Abub (a.k.a. Ibrahim al-Nadhir or al-Nahdhir)?

I'll have Aziz
7 days a week,
360 + Wayeb a year

As-Salaam-Alaikum"
2023-02-28,Maya,Text,Poem,"I've switched to the Illusive Mayan calendar
I'm all good with gregorian calendar
Christianity and Judaism too
Two thousand twenty three what now?

Islam, as tempting as it is
To become a terrorist, light a fuse and witness the blow up and call that taking control back
I'm all good with that life
I'll see you later, past relics
Catch you on the flip side
I'm Mayan
Today is 13.00.10.06.01"
2023-03-02,Fate of a Torturer,Text,Poem,"Dear Donald Ewen Cameron:

I'm so happy you are dead
And I'll be even happier
After I dig up your grave
Chow down your bones
Rub your bone dust ash on my skin

See you soon, dead man
I look forward to consuming you

Love,
Christopher"
2023-03-03,Words from the Jihad Jinni,Text,Poem,"Death to America
Allah akbar
I am an American citizen
I love the prophet Muhammad
Do not infringe on my first amendment rights
I have every right to despise you Americans
I have every right to crash air planes into new york city twin towers
You have every right to burn away Iraqi children with white phosphorus
I am protected and guided by the first amendment
American bastards!
Do not tread on me"
2023-03-09,Jihad World,Text,Poem,"Islam is a god awful religion
Christianity, same
America: A god awful country
With a god awful foreign policy
Friends with other horrible god awful countries like Saudi Arabia
They were made to Jihad each other
Go ahead and Jihad the whole world
See who wins"
2023-03-09,"All that is ""Sacred""",Text,Poem,"I can mock the US constitution
I can mock the military
I can mock the bible
I can mock the Christians
I can mock the Jews
I can mock the Muslims
whenever I want
What will you do?

Jehovah can tax collect us all into an early grave
Mohammad can go live his pedophile life
The Christians can sing praises hallelujah while their god drowns them in a flood smiling
Anybody serving in the US military or police is not ""keeping the country safe"", they are murderers and scum for hire

What will you do?"
2023-03-09,Watch out for Toxic Social Media,Text,Poem,"Read the words
Shoved down your throat
Like it or not
You're browsing around
There's a rectangle with words glowing inside
Hit the slots, spin the wheel of fortune
These are the words you rolled
Moving forward: I'm resolved to work on where I place my time and my attention
Most valuable assets
Not let myself be controlled by
Words & images on toxic social media
No way to win except not to play
I am sorry for all the difficulties
I wish you well
What business have I with this pipe?
I'll smoke no more-"
2023-03-09,Saudi Arabia Foreign Policy,Text,Poem,"If Saudi Arabia doesn't like what I say on toxic social media
(Oh my gosh isn't it hilarious how Saudi Arabia gets mad about people bickering words on social media, they must be new to the internet!)
If I'm expendable enough
They can send their ghouls after me
Kidnap me
Torture me
Dismember me
Disappear me
Get away with it

Are you friends with Saudi Arabia?"
2023-03-10,Dirty Cheater Whore learns to say NO on 13.00.10.06.11,Text,Poem,"Let myself work at a questionable
shady corporation
Disappointed myself again
Obeyed questionable people
Did questionable things
I felt scared and obligated to obey for a paycheck
I felt powerful making $1100 a week after taxes
Like I owned all the land lords under my thumb

For the paycheck, took a ""test""
""Proctor"" has to look inside your room
Feels really intrusive and creepy but technically, I didn't say no
I need to remember the power of No
Fed the ""check for cheating"" AI data
Reads your human body and determines if you are ""cheating""
Technically, I didn't say no

Let's see your hands
Under your desk
Turn my room into a max sec

(Maybe I should say no and cut the scene at this point but curiosity killed the cat)

I am informed:
You need two cameras or you won't ""pass""
We need to see your dirty cheater whore hands and your dirty cheater whore face
We need to make the computer run real hot while we watch for any dirty cheater whore behavior emanations
Don't let me hear you talk to yourself
Nobody is allowed in your room
You cannot talk to anybody during the test
You know what happens if we catch you right?
You can't go to the bathroom unless I say
I'm in your room snooping around
Are you cheating?
Are you a dirty little cheater whore?
Is that paper? No paper allowed
That's dirty cheater whore behavior
etc. etc. ad nauseam

I finally found the courage to say no after 3 months (4 uinals) of torture I subjected myself to
It would have been convenient to say no to the package delivery guy
And avoid 3 months (4 uinals) of pain
When he delivered the work material
Didn't even have my name on it
Had the bosses name
And I signed the bosses name
Needed to say no
I won't sign the bosses name
But it took me 3 months (4 uinals) to figure out

Now I know
Send it back and say No
Let it snow"
2023-03-11,Oh Indeed,Text,Poem,"Oh Indeed
My name is Indeed job search.
I protect slavers and pyramid builders.
I love the pharaoh!
I love enslaving Israelites!
Whipping their backs
It gives me great pleasure
To whip Jew slave backs
And watch the blood pour out
My name is Oh Indeed"
2023-03-13,Pyramid Building Pharaoh Fuck,Text,Poem,"Let your people go?
Do your job for you?
Look at this lazy mf!
Ain't this a bitch!
Let em go yoself, ho!
I got pyramids and slave ships!"
2023-03-13,Close Encounter with a Penguin at the Chain Link Fence,Text,Poem,"Switch off the predator cloaking
I'm greeted by two young earth creatures
They wave hello at me
I say hi back
One shows off their penguin
They say this is my penguin
I ask what's the penguins name?
They say the penguins a girl and her name is Sparkle
I ask Sparkle like the sun?
They pause to think for a moment... nod & say yes
I smile and say cool
They say bye and wave and I wave goodbye back"
2023-03-15,Missed Connection at the Florida Drug House,Text,Poem,"On the way to an unknown drug house
There's blood smeared on the street
Somebody got hurt and lost a lot of blood

My ""friend"" wanted drugs
I wanted drugs
Technically, I could have said no
Or turned around after seeing the clear sign
Lots of blood smeared on the street, pretty clear sign
I was not looking out for my best interests, mind fogged, ignore clear sign
I'm in denial so I kept going

I arrive at the Florida apartment
There's a ""party"" happening
People are doing drugs in the living room
Drugs are exchanged
I do a xanax opiate alcohol concoction
I felt the need to be tranquilized and never wake up

Approached by a woman who tells
The LSD is well appreciated
True
Unfortunately, I have to go to sleep now
In an unknown place full of unknown people
I might not wake up

I wake up on the couch
I have my keys and my wallet
I walk to my vehicle
My vehicle has been broken into
I remember giving two strangers who didn't have my best interests at heart a ride to the liquor store
Trusted people who only exploit trust
Two man conned again
Technically, could have told them no
Vehicle still starts
Nothing meaningful is missing
I drive away

What was your name again?
Lesson learned"
2023-03-16,Race Prejudice,Text,Poem,"I hate
CrackerBlackJewMexicanMayanFrenchGe  rmanArabMuslimCanadianHinduVoodoos
I am the superior race"
2023-03-16,Why Aileen Wournos took up Hookin,Text,Poem,"""â€¦ worked as a maid, the â€˜Rochester Motel' for 75 cent an hour.
Only worked for about 2 weeks.
Some guy at the motel turned me on to 50 bucks for sex.
And that did it for the slavery job.
Ha Ha Ha
I believe this is where hookin began.
Realized I could make dam good money
To help myself in my homeless state
And took it up
Do ya blame me!""

No, I don't blame you Aileen
Can I get an amen jesus hallelujah?"
2023-03-17,Soc Med Compulsion Remedy,Text,Poem,"Pick the celly up
Disable all notifs from all soc med apps
Put the celly down
Look out the window instead
Do you stare at your phone in the bathroom?"
2023-03-17,Ignore the Warning,Text,Poem,"Dr. Aziz al-Abub
You are treating me inhumanely, sir!
You keep me locked in a coffin 23 hours!
I have been wearing this hood for years!
I have not seen any sunlight during this time!
You keep sticking needles into me! Prickin me with them shits!
This is not right!
I want to speak with your manager!
Get Allah on the line!

Hi, yes
My name is William Francis Buckley
I worked for the CIA
I was specifically warned that I might be kidnapped and tortured to death for the information I knew
I ignored the warning and changed nothing about my routines
I was kidnapped and tortured to death
You can be like me and you can be like the CIA
Ignore the warning"
2023-03-17,Snowflake Drama,Text,Poem,"Snow falling
Some snow rising
Floated up by the wind
Drifting away from gravity
Stick to the window"
2023-03-22,Dear Mother Death Rattle,Text,Poem,"Dear Mother:

If you're interested in settling this score once and for all, bring a cowboy pistol and ride a horsey out west.
We can have a dual like the old days.
I will not hesitate to shoot your god damn fucking face off.

Hate,
Your Ex Son"
2023-03-23,Hey Cowboy,Text,Poem,"Hey Cowboy
Heard of you
Ridin your horsey over the land
Peach of a hand?
In your prime, a deadly pistoleer, Cowboy?
Shootin your pistol off, go boom, yeah?
Were you just foolin about?
Milkin your whipped slave cows?
Ass slap whip crack, Cowboy
Are we cross? Are you my huckleberry?
Did somebody just walk over your grave, Cowboy?
Howdy ma'am
Aint that a daisy?"
2023-03-24,They Know,Text,Poem,"Con can only work once
People know when they're being fleeced
Underneath their skin, they can feel the swindle
No matter how crafty, tricky, deceptive
Or how concealed you have kept the web
People know underneath when they're being exploited
No matter if they keep it concealed from themselves
If they ignore the signs, duped
For a while
They know
You're completely exposed"
2023-03-24,My Fatal Flaw,Text,Poem,"Infuriating my ""superiors""
Huge success"
2023-03-25,Economic System Blues,Text,Poem,"Capitalism... too extremely oriented towards the individual identity
Communism... too extremely oriented towards the community identity

Solution:
Communiapitalism
Captialcommunism
Why?
I don't know
Do you want to get married?"
2023-03-25,Carnivorous Predator Diaries,Text,Poem,"Planet Earth, In this jungle observin lifeforms, cloaked
There is these humans duking it out
Capitalists and communists they name themselves
Duking it out with automatic rifles and explosive weaponry
Why don't I shake things up a bit?
Collect a skull and a skin here and there
See how shook up they feel in response
Plus I need a new rug for my tree hut
A new friend of every color will due quite nicely
Drinking human blood
Turning human bones to weaponry
Kill the rest of you with the bits and pieces of yourselves
Ha Ha Ha
Your bones do work to get me laid
I am the epitome of survival fitness"
2023-03-26,Carnivorous Predator diaries 13.00.10:07.07,Text,Poem,"Cloaked, somewhere in NE US wilderness
The humans are slaughtering deer for sport
They are using automatic weaponry and explosives
The deers are fenced and are given no avenue of escape
And I see humans like to tie dead deer to their trucks
And brag about the bucks they bag
I'll tie a dead human with an orange vest to my spaceship
No skin, no head
Beam myself down to the town square
Show off to the folk the buck I bagged
Ask them if they like it
If anybody wants to eat some with me
Or if anybody wants a nice coat
Activate cloaking and leave"
2023-03-26,10 Crooked Cop Commandments,Text,Poem,"Wear a blue costume
Tax people with tickets
Fake statistics to cover up for politicians
Tear gas people
Mame people with ""rubber"" bullets
Billy club a senior citizen
Gang rape a woman in uniform
Disobey traffic laws
Robs drug dealas
Code of silence"
2023-03-26,All in the Game,Text,Poem,"Omar robs drug dealas
The po-lice robs drugs dealas
The mayor just don't care
Omar got the shotgun
Levy got the briefcase
Stringer got took and shook
Barksdale all that for 10000?
Cutty ""you ain't gotta school me twice""
Prop Joe repaired Omar's clock then ran outta time
All in the game, no doubt"
2023-03-29,What I will do to Nancy Reagan's Corpse,Text,Poem,"Dig the hag up
Chow down on whatever meat is left
Bring the bones to the crematorium
Burn the bones
Consume the ashes"
2023-03-29,I Wonder Why?,Text,Poem,"My cellphone chooses to auto-capitalize the word ""klan""
ğŸ¤”ğŸ¤”ğŸ¤”"
2023-03-29,Hey Mom,Text,Poem,"Hey Mom
Remember when?
Gettin all mad when I was in first grade
Because I had a black teacher
Because of the field trip to see where Dr. Martin Luther King was murdered by the FBI
And about the black books
You and dad were upset
I wasn't reading any ""white"" books

Remember when?
You tried to explain to me that black people being enslaved was a good thing
Because without white people, they're stupid and helpless
And will die without us
Remember that?
(It is not hard to see who the truly helpless and codependent one is)

This is who you are, Mother
Obeyin meekly
Playing along with the rules of a society created by George W. Bush's fraternity brothers
Next to Joe & John
Lovin your catholic white jesus
You are the queen of the klan
Wear your white hood proudly
Next to Joe & John at the republidemokrat klan rally
Wearin a white hood, burnin crosses

See you slaver"
2023-04-01,Drone Strike Operator Diary,Text,Poem,"drone strike the apartment complex
there goes a-f
8 rooms a floor for 3 floors
incinerated
a pile of rubble
pressed a button tied to a screen
obeyed the CIA guy
that was the end for those people
turn tables
wait for the CIA guy to go to sleep
drone strike the CIA guy"
2023-04-04,Blue Whale Blues,Text,Poem,"zebra
peacock
jellyfish
octopi
owl
fox
click beetle
hummingbirds
blue whale"
2023-04-13,"Elon Musk, Jeff Bezos, Bill Gates AKA",Text,Poem,"pyramid building
slave back whipping
shit piss drinking
pharaoh fuck"
2023-04-14,Blackmailer Encounter,Text,Poem,"You hold the door open
Did you, Do I, owe for that?
I walked through, I thank you
You move downwards
I, upwards
Your footsteps fall heavy
Mine lighter
Sound waves reverberate
I feel zero obligation"
2023-04-15,Forgotten Jezebel,Text,Poem,"Forget you, Jezebel
Stay at the bottom of the ocean
With your glow light so bright
I'm swimming to the top
You imagined your brightness
was oh so impressive
That I wouldn't just swim away
and turn into a cottonmouthed water moccasin
HSssSSsS ğŸ"
2023-04-18,Apartment Complex Drama,Text,Poem,"unfortunate woman has the borderline bug
tries to dig her fangs in to feed
fortunately for me, there's so many of you
i let two more dig their fangs in
Ha Ha Ha
have trouble sharing?
this fly flew away into another spiders web
mummification commence
endless enjoyment now
watching three spiders contend"
2023-05-17,Perplexing Contemplation,Text,Poem,"A recruiter summoned me with a query of interest in a certain occupation.
With grace, I affirmed my consent.
The recruiter proceeded to recite a litany of perplexing acronyms, unfamiliar to my ears.
I replied, ""Nay, I possess no knowledge of such terms.""
The recruiter expresses his remorse.
Intrigued by this turn of events, I beseeched, ""Pray tell, why didst thou summon me?""
The recruiter, taken aback, faltered in response, unable to find fitting words.
An eerie silence fell upon us.
Summoning my valor, I repeated with greater force, ""For what purpose, I demand to know!""

Alas, the recruiter, unable to offer a satisfactory response, chose to sever our connection, leaving me in perplexed contemplation."
2023-06-20,Silent Observer,Text,Poem,"In the realm I dwelled, a strange creature came,
The bug man, with eyes filled with dark allure.
I, with hands held high in sweet surrender,
Declared, dripping with jest, my words profound:

""I live to languish for lords of the land,
To bow and bend, beholden to their behest.
For I adore appeasing the land lord,
A sacred obligation, rent to pay.""

""Shall I, on bended knee, buff your boots bright?
Beautiful bliss, I'll brush away the grime.
Oh, thank you, sir, my beloved master,
Let the land lords know, utmost devotion.""

Yet, in my words, a touch of irony,
A subtle satire, concealed cunningly.
For in this grand game, I played my own part,
A jester juggling words, winking wicked.
The bug man, oblivious to my wit,
Accepted my servitude without doubt.
He saw a loyal lackey, lost in lure.
But I, the sly trickster, laughed in my heart.
In the act of assent, I found power,
A sly defiance, hidden 'neath the guise.
I served, yet safeguarded my sovereignty,
In this vast domain, a dual dance unfolds.
So let the bug man revel in his reign,
Unawares of wily wordplay I wield.
I, the silent observer, embrace my enigma,
And keep my essence free, beyond their grasp."
2023-08-11,Consequences for the Crime of Spider Murder,Text,Poem,"Thou shalt know the swarming trillions in air
Black Widows, Recluses, Wolves did convene
Down from silken threads of heaven they ride
Crawling upon the surface of your skin
Within thy mouth, and through thy throat they wind
Into thy skull's center, their journey moves
Thou skull cracks like egg's shell; lightning erupts
Thy choice, self-made, in this fate thou art bound."
2023-08-12,Drone Strike the CIA,Text,Poem,"Amidst cerulean skies, shadows take flight
A tale unfolds, of fate's relentless might
Drone soars above, harbinger of despair
Apartment complex, its destiny laid bare
A tower tall, stories three it does hold
Eight rooms each floor, where lives once told
Chaos descends, destiny's heartless blow
Fiery rain consumes all in its throes
Button's command, a distant screen's embrace
Obedience to whispers, in this perilous chase
CIA's unseen hand guides actions dire
Puppeteer's control fuels vengeance's fire
Within those walls, lives bloomed and sighed
Unseen by afar, until fate's hand implied
Rain of fire engulfed dreams in its wake
Reduced to rubble, forlorn hearts ache
From ruins emerged, a mound of despair
Hopes and existence, now laid bare
Infernal might, unleashed by unseen hand
Destruction rampant, a relentless command

Yet fate's design, malleable and keen
Vengeance stirs, a clandestine scheme
Whispers linger, in the still night air
Retribution beckons, with a relentless glare
Patience bides its time, CIA's repose
In shadows' shroud, vengeance freely flows
Slumber's embrace deepens its hold
Drone ascends, retribution bold
Swift retribution, destiny's call
For one who caused others to fall
No mercy given, no quarter, no rest
Avenging shadows fulfill their quest
In realms untamed, where shadows abide
Transgressions and tolls, they coincide
Weight of actions, heavy toll on the soul
Redemption's glimmer, the ultimate goal"
2023-08-21,Get Real Haiku,Text,Poem,"And you are so clean
with your lack of projections?
Get real with yourself"
2023-08-22,Roman Empire System,Text,Poem,"It's exactly what
we have. It's the system of
the Roman empire"
2023-08-24,Banker,Text,Poem,"the police owe me
the police like to pay me
i own the police"
2023-08-24,Skullduggery,Text,Poem,"I appreciate
You for letting my words im-
press upon your skull"
2023-08-24,Empty Telephone,Text,Poem,"words to emptiness
telephone's silent echo
lonely dialogue"
2023-08-25,Four Leaf Clover Incarnate,Text,Poem,"Lucky heart shines bright
Four-leaf spirit, rare and true
I am fortunate"
2023-08-25,Rot In Horrifying Heaven,Text,Poem,"you've opened up the
gateway to dimension of
cruella heav-ell"
2023-08-25,"""Schizophrenic"" Confession",Text,Poem,"ego's whispers fade
divinity eludes me
I'm merely mortal"
2023-08-25,Rotten Pineapple,Text,Poem,"fruit left to its fate
time's alchemy, sweet to sour
laughter fermented"
2023-08-26,Gravedigger,Text,Poem,"Smile familiar,
""Hiking?"" he asked, shovel held,
Val, flowers and paths."
2023-08-26,CEO Salutations,Text,Poem,"in a boardroom's hush
a message delivered bold
salute given, cold"
2023-08-26,Undersea Uproar,Text,Poem,"sonars pierce the deep
sperm whales stirred, fight or flight
undersea uproar"
2023-08-27,Confidence Coyote,Text,Poem,"coyote's sweet tale spun
honeyed words, gold's deceptive gleam
wisdom in laughter"
2023-08-27,Idols Can Deceive,Text,Poem,"coyote's clever grin
hero worshiped, falls from grace
idols can deceive"
2023-08-28,Asset Unmanagement,Text,Poem,"unmanageable
emotions resist restraint
speak truth to find peace

medications fail
humanity's depth within
powerful feelings

voicing emotions
release healing through words' flow
strength in being heard

unheard, you may wish
sickness thrives in silence's grip
my war is within"
2023-08-29,Reign of Avarice,Text,Poem,"Avarice's reign
The world is mine, I say!
Your breath is a fee"
2023-08-30,Canine Confidant: All Dogs Go To Heaven,Text,"Creative Writing, Movie Analysis","All Dogs Go To Heaven is a terrifying movie. It begins, there is a conflict between Charlie & Carface. Charlie begins the movie unconscious of the conflict. He had been set up by Carface, sent to prison and was awaiting the death sentence. His friend Itchy busted him out using the power of water pressure.

We're then introduced to dog society where mostly what appear to be man dogs drinking and gambling, mostly losing. There's a rat race and the rat that wins is the police rat. Charlie is clearly charming and itchy his his right hand, backs him up in all his endeavors. 

On getting out of prison, Charlie wants to reconnect with Carface because he's only interested in doing ""business"" and making lots of money. He's unaware that it was Carface who sent him to death row. Carface is avarice incarnate, he wanted to split the partnership with Charlie and not give him 50% of the loot. If he wanted to split the partnership, he should have just bit the apple and accepted the loss. 

The story progresses, Charlie reconnects with Carface and disconnects from Itchy. He decides to get drunk in bad company. He either believes Carface is going to hand over 50%, or he knows Carface is going to kill him and doesn't even care. 

Itchy wanders seeking Charlie and finds the tragic orphan, Anne Marie, imprisoned by Carface. She is refereed to by the dogs who guard her as an ""it"" and a ""monster"". Carface needs information from her, about who is going to win the races because she has the ability to communicate with all species of animals. Dogs can only speak their own tongue. Carface is obsessed with winning, always winning, rigging all the odds of his casino in his own favor at the expense & deteriorating health of the paying customers. He sadistically uses the child Anne Marie to satisfy his own needs and does not give her anything in return (she asks to go outside). He makes his right hand ""feed the kid"" because he's too lazy and inept to do anything himself.

Charlie's mistake was he was not fighting back against Carface, he was even going so far as to unconsciously mimic his behavior. If he knew the truth why did he think that he was gonna get 50%? Becoming split up with Itchy helped his downfall. Itchy would have continually warned him how he did not like the situation.

Carface Gives Charlie with a gold watch as a parting gift. Carface is too cowardly to do his own dirty work so he has his right hand kill Charlie using vehicular dog slaughter. He dies and goes to heaven, where everything is known before it happens and there are no surprises. He has the gold watch Carface gave him still but it has stopped ticking. He turns back time and the clock starts ticking again and he goes back to where he was killed, in the Louisiana bay.

Charlie, fallen from grace, vows revenge. Itchy is sleeping and having a nightmare of being choked by Carface but it is Charlie waking him. In this symbol there is deep significance involved, in who Charlie is unconsciously identified with when he won't give up his revenge obsession. Itchy doesn't want revenge and just wants to move on, thankful to be alive but Charlie is too fallen and feels a twisted urge to make Carface suffer. 

Charlie kidnap+cons Anne Marie under the guise of a rescuer. Ironic that he kidnapped a kidnapped child. He has dollar signs in his eyeballs and clearly places satisfying his needs before Anne Marie's. He is not very fatherly. Charlie even smiles a wicked grin when it's revealed by Anne Marie that she's an orphan, knowing this will make it easier to manipulate her.  Charlie is like Carface in that he has Itchy do tasks he feels are beneath him. He asks Itchy to let her sleep at his place, which Itchy denies and Charlie says that she can come to his place.

Carface finds out Anne Marie is kidnapped and becomes enraged. He is confused, claiming he loves the girl when he clearly only loves money she gives him with her ability. How long can you convince her to give you information? She is only getting older and smarter but in his head he can ""own"" her. 

Charlie is clearly annoyed by having to be a parent to Anne Marie. Anne Marie communicates clearly that she needs a mom & dad. Charlie ends up doing to her exactly what Carface does, con her into revealing information about who is going to win a horse race. Charlie is running a scheme to utilize her ability to make money for himself under the guise of being robin hood and giving the money to the poor. Anne Marie is clearly upset about it but Anne Marie negotiates until she accepts and finds out what he needs. Charlie uses the line ""if you're serious about this mom and dad business"" which is telling of his emotional state. In his mind he does not want Anne Marie to be serious about it because then he'd be left alone to fend for himself and in his head that terrifies him and he feels threatened.

Anne Marie's ability is clearly very powerful, she can foretell surprises/events using information animals tell her. Charlie is using Anne Marie to meet his own selfish needs primarily and Anne Marie's needs are an afterthought. Anne Marie is the one who does all the work: She places the bet in disguise, she knows who wins, she is key and Charlie is not, like Carface.

It's clear Charlie hates physical affection. To Charlies credit, he notices when she is unhappy and acts to change it and do something about it. To Charlies discredit, he won't stop scheming and scamming and Anne Marie continually gets fed up and has to set a boundary by saying I'm leaving. The first time she calls out Charlies lies about helping the poor and how he only made himself rich. She also named how he wasn't holding up his end of the help Anne Marie find parents bargain, which she's communicated very clearly from the beginning. Charlies response is to be clearly terrified of the loss of Anne Marie.

Charlies differences start to stand out. When Anne Marie is unhappy he feels the need to act and change his behavior. He buys pizza for some puppy friends of his and teaches them about sharing. 

Unfortunately, his crime of stealing a wallet to fund the first bet (from people who end up being Anne Marie's parents) comes back to haunt him. Anne Marie confronts him on the fact and clearly he cares what she thinks. He has a compelling horrifying vision of hell in a nightmare where he runs and runs but can't escape the flames and lava. 

Anne Marie returns the wallet and eats breakfast with the people who will be her parents. She's happy and Charlie shows up at the window. Charlie acknowledges she found a home for herself and that she does not need him anymore. He came over to say goodbye but he feigns being sick and manipulates her back into helping him. Anne Marie is very kind to choose to leave the parents to help Charlie. She deduces that he needs her more then she needs him and decides to help him at expense of leaving her new parents house.

Carface attacks with a ray gun. Again, he doesn't do his own dirty work. He has his henchman fire the weapon, who misses. And Carface uselessly laments about being ""surrounded by morons"" (he surrounded himself with). 

Charlie & Anne Marie have a confrontation with Death in the form of a singing Alligator. Charlie is spared because he has a great singing voice. Charlie is in the phase of changing from being like Carface (like in Itchy's dream), where he's using the girl to satisfy his selfish needs, compared with actually listening to what her needs are and directly acting on them. Anne Marie is sick and he's worried about her. Itchy confronts him about caring more about the girl than their business and he loses his mind and acts like Carface, saying he'll dump her at an orphanage when she's no longer any use. That's to ignore what she directly asked for. Anne Marie heard the whole thing and named Charlie his proper title, ""You're a bad dog!"" She realizes Charlie was never her friend. 

Anne Marie is kidnapped back by Carface. Charlie finally realizes what he needs to do to redeem himself. He actually saves Anne Marie from a deadly situation, giving his life process. The conflict with Carface is resolved. He gives her encouragement before he dies, ""You can make it kid!"" He goes back to Heaven."
2023-08-30,Canine Confidant: All Dogs Go To Heaven Chivalrous,Text,"Creative Writing, Movie Analysis","In the luminous tapestry of ""All Dogs Go To Heaven,"" an unsettling chronicle unfolds. At the outset, the honorable Sir Charlie emerges, yet veiled in the fog of unwittingness regarding a conflict that beckons. A treacherous web woven by the ignoble Sir Carface ensnares Charlie, casting him into a dungeon of despair and looming mortality. His trusty comrade, Itchy, employing the mystical power of water's pressure, mounts a daring rescue.

Amidst the panorama of existence, a realm of canine camaraderie materializes, wherein the hounds partake in revelries of spirits and games of chance. Here, within the fabric of this world, the symphony of life's struggles unfolds, a rat race culminating with a triumphant police rat. At the heart of this realm, Sir Charlie's charisma radiates, and his steadfast ally, Itchy, stands resolute at his side, fortifying him in his endeavors.

Emerging from his incarcerative ordeal, Sir Charlie's pursuit of reconnection with Carface is motivated by the siren's call of pecuniary aspirations. Yet, veiled from him is the insidious hand that once condemned him. Carface, an embodiment of avarice, conceals treacherous motives, seeking to rend their partnership asunder and withhold rightful dues. A partnership once harmonious, now sullied by betrayal's stain.

The saga progresses, as Charlie, ensnared by the seductive allure of fleeting pleasures, rekindles ties with Carface, severing the bonds of camaraderie with Itchy. The path he treads is cloaked in inebriation, whether fueled by naÃ¯vetÃ© or an audacious disregard for the looming specter of treachery. The choices made by a beleaguered hero lay the foundation for impending trials.

Enter Anne Marie, a tragic figure, an orphan with an uncanny ability to converse with creatures great and small. A captive of Carface's nefarious grasp, Anne Marie endures dehumanization at the paws of her captors, referred to as a mere ""it"" and ""monster."" A pawn in Carface's unquenchable thirst for victory, her gift exploited mercilessly, she yearns for naught but the simplest of joysâ€”a moment outdoors, basking in the gentle embrace of the sun.

Within this intricate dance of fate, Sir Charlie's missteps become evident. Unknowingly, he mirrors Carface's malevolence, oblivious to the precipice upon which he teeters. A lack of awareness obscures his view of the truth; the specter of betrayal lingers like a dormant serpent, waiting to strike.

Carface's parting gesture, a golden timepiece, veils insidious intentions. Cloaked in cowardice, Carface's canine confidant becomes the harbinger of treacherous doom, orchestrating Charlie's fall by mechanized canine vehemence. In this orchestration, time yields to its own unraveling, weaving the threads of destiny with clockwork precision.

In the realm of dreams, the slumbering Itchy is confronted by nightmarish visions, wherein Carface's grasp tightens around his very throat. An allegory emerges, a reflection of the abyss into which vengeance casts its ensnared souls. While Itchy strives to extricate himself from this shadow, Charlie remains entrapped, a prisoner of vengeance's allure.

A fateful encounter with Anne Marie propels Charlie down a perilous path, cloaked in the illusion of salvation. Irony pervades, for a savior and a captive merge, each enshrouded in a cloak of duplicity. With pecuniary desires ablaze in his eyes, Charlie ensnares Anne Marie, placing his aspirations before her well-being.

A dance of manipulation unfolds, as Charlie coerces Anne Marie to yield her unique talents. She, an innocent lamb, is seduced into this grim pas de deux, her desires left unheeded, her heart yearning for parental warmth. The echoes of Carface's machinations resonate in Charlie's manipulation, his actions eerily akin to the one he abhors.

Anne Marie's gifts, a tapestry woven with threads of nature's language, unravel a tale of revelations yet hewn from the secrets whispered by creatures unseen. In this symphony of whispers, Charlie emerges as the orchestrator of a symphony wherein Anne Marie plays the poignant role of the key.

In matters of the heart, Anne Marie yearns for nurturing, the embrace of a mother and father. Yet, as the curtain unfurls, Charlie's actions are colored by his own apprehensions, for he dreads naught more than solitude's grip. An ill-fated sentiment emerges, a yearning to stave off the void at the expense of her well-being.

Amidst these convoluted currents, Anne Marie becomes a vessel of foresight, predicting fortunes yet unspun. Yet, as the gears of manipulation grind ceaselessly, Anne Marie's needs become a mere afterthought, eclipsed by the shadow of selfish intent. A symphony wherein the conductor craves his notes more than the harmony they yield.

The distaste for physical affection held by Charlie contrasts starkly with his proclivity for identifying Anne Marie's unease. His actions waver between mending her discomfort and perpetuating his schemes. Anne Marie, indignant and assertive, becomes the lighthouse guiding the tumultuous currents of their entwined fate.

As the web of deceit unravels, the specter of Charlie's past transgressions emerges. A stolen wallet, a fragment of forgotten choices, returns as an apparition of remorse. In this realm of ethereal visions, Charlie confronts his inner demons, facing the flames of retribution, an inferno fueled by guilt.

The tether to virtue pulls Anne Marie away, her choice to amend her own path, to seek the embrace of prospective parents, emblematic of her yearning for an authentic haven. This choice, a blossom of hope, blooms in contrast to the desolate shadows cast by Charlie's past transgressions.

Yet, a tempest of treachery and turmoil stirs anew, as Carface's wrath materializes in a ray gun's fiery blaze. The cowardice that festers in Carface's heart blinds him to his own malevolent designs, casting him as puppet master, content to orchestrate the dance from the shadows.

With destiny's wheels spinning toward their zenith, Sir Charlie and Anne Marie find themselves ensnared in a confrontation with the specter of Deathâ€”a fearsome alligator whose voice heralds the grave's embrace. Charlie, spared by virtue of his voice's enchanting melody, stands at the threshold of transformation.

Within the crucible of this moment, the tapestry of Charlie's evolution unfolds. A metamorphosis blooms, a departure from his alliance with Carface's malevolence. The convergence of forces, the clash of light and shadow, propel him toward a decision of utmost significance.

Yet, turmoil and discord erupt as Itchy confronts Charlie's devotion to Anne Marie. The echoes of Carface's cruelty resound, as Charlie spews words of callous dismissal. His fall from grace, a lamentable surrender to his own baser nature, is a reality that Anne Marie confronts with piercing clarity.

In a final crescendo, the strands of destiny converge, as Anne Marie is ensnared once more by Carface's clutches. At this pivotal juncture, the facets of Charlie's path coalesce, for redemption beckons through the avenue of ultimate sacrifice. A selfless act of valor births his reclamation.

With poignant words of encouragement, Charlie imparts his blessing upon Anne Marie, casting himself into the abyss to shield her from peril. As he ascends toward the realm of the eternal, his valor immortalized, a chapter closes, leaving behind a legacy woven with honor, sacrifice, and the resounding echo of chivalry's call."
2023-09-05,Judith Barsi,Text,Poem,"Childhood's tragic tale
Abuse, silence, no escape
Love from the screen's glow"
2023-09-09,Facts,Text,Poem,"Fact 0: I owe you zero.
Fact 1: You owe me none."
2023-09-11,Gunslinger Duel,Text,"Creative Writing, Short Story","Amidst the eternal feud that had sundered a once-tight-knit community, the tension had reached its cataclysmic zenith. This bitter animosity, smoldering for decades, thrived on a venomous brew of loathing and vengeance that coursed through the veins of two individuals, corroding their very souls.

The townsfolk, their faces etched with despair, gathered to bear witness to the apocalyptic climax they had dreaded. The setting sun cast long, skeletal shadows that clawed at the landscape, presaging the inexorable confrontation. In the heart of this forsaken Wild West outpost, the air hung heavy with the scent of doom, the searing heat a malevolent accomplice to the impending tragedy.

The two archenemies stood like silhouettes from a fevered nightmare, a mere twenty strides apart, within a makeshift arena birthed from despair. Their eyes locked, twin abysses brimming with an ancient hatred that pulsed like a malignant heart. Six-shooters dangled ominously from their calloused fingers, relics of an era long gone, poised to usher one or perhaps both of them into the yawning abyss.

As the forlorn crowd awaited the officiator's pronouncement, a tempest of rage seized one of the combatants. Time itself recoiled as, in a breathless instant, they raised their weapon and discharged a single, deafening shot. The roar echoed through the desolation, and the world slowed to a grim tableau as the bullet found its mark, a grimace of death. The other man, his face a mask of gruesome horror, crumpled to the sanguine-stained earth.

A shocked gasp rippled through the bystanders, a ghostly echo amidst the gathering darkness. It was a ruthless, brutish conclusion to an epoch-spanning feud.

The triumphant gunslinger, their demeanor icy and calculated, turned to confront the stupefied onlookers. ""Seems we had ourselves a duel,"" they declared, voice forged in the crucible of annihilation, laced with sardonic jest. ""Anybody else got another story they want to tell?""

With an insouciant flourish, they swept their firearm in a sinister arc, bearing witness to the fragile tremor in the crowd. Fear, like a spectral leviathan, ensnared the spectators, scattering them like fragments in a howling tempest, fleeing the icy, predatory gaze of the victorious figure.

""Is this situation resolved?"" the conqueror inquired, the question a weighty specter hanging over the desolation. No answer stirred the air, only silence and the lingering miasma of gunpowder.

The conflict had indeed concluded, but it was an ending veiled in obsidian, imprinting an indelible scar upon the town, an eternal testament to the horrors of that dread-riddled day."
2023-09-11,Explosive Cyclogenesis,Text,Poem,"Deep cyclone takes form
Explosive cyclogenesis
Nature's fierce embrace"
2023-09-12,Elements Conspiracy,Text,Poem,"water, air entwined
secrets in their cosmic dance
conspiracy's breath"
